Request ID,Status
99332,Executed
99332,Executed
99332,Executed
99332,Executed
99332,Executed
99332,Executed
99332,Executed
99332,Executed
99332,Executed
99332,Executed
99332,Executed
99332,Executed
99332,Executed
99332,Executed
99332,Executed
99332,Executed
99332,Executed
99332,Executed
99332,Executed
99332,Executed
99332,Executed
99332,Executed
99332,Executed
99332,Executed
99332,Executed
99332,Executed
99332,Executed
99332,Executed
99332,Executed
99332,Executed
99332,Executed
99332,Executed
99332,Executed
99332,Executed
99332,Executed
99332,Executed
99332,Executed
99332,Executed
99332,Executed
99332,Executed
99332,Executed
99332,Executed
99332,Executed
99332,Executed
99332,Executed
99332,Executed
99332,Executed
99332,Executed
99332,Executed
99332,Executed
99332,Executed
99332,Executed
99332,Executed
99332,Executed
99332,Executed
99332,Executed
99332,Executed
99332,Executed
99332,Executed
99332,Executed
99332,Executed
99332,Executed
99332,Executed
99332,Executed
99332,Executed
99332,Executed
99332,Executed
99332,Executed
99332,Executed
99332,Executed
99332,Executed
99332,Executed
99332,Executed
99332,Executed
99332,Executed
99332,Executed
99332,Executed
99332,Executed
99332,Executed
99332,Executed
99332,Executed
99332,Executed
99332,Executed
99332,Executed
99332,Executed
99332,Executed
99332,Executed
99332,Executed
99332,Execute
99332,Executed
99332,Executed
99332,Executed
99332,Executed
99332,Executed
99332,Executed
99332,Executed
99332,Executed
99332,Executed
99332,Executed
99332,Executed